<?xml version="1.0" encoding="UTF-8" standalone="yes"?>
<addon id="plugin.video.bigbox" name="Big Box" version="1.0.29" provider-name="SlipSystem">
  <requires>
    <import addon="xbmc.python" version="2.14.0"/>
    <import addon="script.module.t0mm0.common" version="2.0.0"/>
  </requires>
  <extension point="xbmc.python.pluginsource" library="default.py">
        <provides>video</provides>
  </extension>
  <extension point="xbmc.addon.metadata">
        <summary lang="en">Launches Big Box from within Kodi.</summary>
        <description lang="en">Launches Big Box from within Kodi. It will close or minimize Kodi, launch Big Box and when Big Box is exited Kodi will restart or maximize, with the option to run programs pre/post Big Box. LaunchBox and Big Box are developed by Unbroken Software, LLC. Please visit www.launchbox-app.com for more details.</description>
        <platform>linux windx osx android</platform>
        <language>en</language>
        <license>GNU GENERAL PUBLIC LICENSE. Version 2, June 1991</license>
        <forum>http://forum.kodi.tv/showthread.php?tid=157499</forum>
        <website>http://forum.kodi.tv/showthread.php?tid=157499</website>
        <source>https://github.com/teeedubb</source>
        <email></email>
  </extension>
</addon>
