<?xml version="1.0" encoding="UTF-8" standalone="yes"?>
<addon id="plugin.audio.mp3streams" name="MP3 Streams" version="2024.12.23" provider-name="Slipsystem, Jon Bovi">
    <requires>
        <import addon="xbmc.python" version="3.0.0"/>
        <import addon="script.module.future"/>
        <import addon="script.module.mutagen"/>
        <import addon="script.module.requests"/>
    	<import addon="script.module.six" />
        <import addon="script.module.kodi-six" />
        <import addon="script.module.simplejson" />
        <import addon="script.module.resolveurl" />
    </requires>
    <extension point="xbmc.python.pluginsource" library="default.py">
        <provides>audio</provides>
    </extension>
    <extension point="xbmc.service" library="playerMP3.py" start="startup" />
    <extension point="xbmc.addon.metadata">
        <platform>all</platform>
        <summary>A music streaming Collection.</summary>
        <description>MP3 Streams Kodi 19+</description>
        <news>2024.12.23 - Added fanart.tv artwork. 2022.0.2 - Fix errors loading pages. 2022.0.1 - Small fix, Kodi 20 ready. 2021.0.6 - Fixed issue with hanging  when skipping tracks. 2021.0.4 - Fixed Settings, 2021.0.3 - Bugfixes. Enjoy!</news>
        <assets>
            <icon>icon.png</icon>
            <fanart>fanart.jpg</fanart>
        </assets>
    </extension>
</addon>
