<?xml version="1.0" encoding="UTF-8"?>
<window type="dialog" id="1107">
	<defaultcontrol always="true">9000</defaultcontrol>
	<include>Animation_DialogPopupOpenClose</include>
	<controls>
		<control type="group">
			<centerleft>50%</centerleft>
			<width>700</width>
			<centertop>60%</centertop>
			<height>700</height>
			<include content="DialogBackgroundCommons">
				<param name="width" value="700" />
				<param name="height" value="80" />
				<param name="header_label" value="$LOCALIZE[137]" />
				<param name="header_id" value="" />
			</include>
			<control type="panel" id="9000">
				<include>ButtonMenuList</include>
				<content>
					<item>
						<label>Search Movies</label>
						<onclick>Dialog.Close(all)</onclick>
						<onclick>ActivateWindow(videos,"plugin://plugin.video.scrubsv2?action=movies_searchterm&amp;select=movies",return)</onclick>
					</item>
					<item>
						<label>Search TV Shows</label>
						<onclick>Dialog.Close(all)</onclick>
						<onclick>ActivateWindow(videos,"plugin://plugin.video.scrubsv2?action=tvshows_searchterm&amp;select=tvshows",return)</onclick>
					</item>
					<item>
						<label>Search Artist</label>
						<onclick>Dialog.Close(all)</onclick>
						<onclick>ActivateWindow(Music,"plugin://plugin.audio.mp3streams/?url=url&amp;mode=24&amp;name=Search+Artists",return)</onclick>
					</item>
					<item>
						<label>Search Albums</label>
						<onclick>Dialog.Close(all)</onclick>
						<onclick>ActivateWindow(Music,"plugin://plugin.audio.mp3streams/?url=url&amp;mode=24&amp;name=Search+Albums",return)</onclick>
					</item>
					<item>
						<label>Search Songs</label>
						<onclick>Dialog.Close(all)</onclick>
						<onclick>ActivateWindow(Music,"plugin://plugin.audio.mp3streams/?url=url&amp;mode=24&amp;name=Search+Songs",return)</onclick>
					</item>
					<item>
						<label>Search Games</label>
						<onclick>Dialog.Close(all)</onclick>
						<onclick>ActivateWindow(Videos,"plugin://plugin.program.iagl/archives/Search",return)</onclick>
					</item>
					<item>
						<label>$LOCALIZE[31114]</label>
						<onclick>Dialog.Close(all)</onclick>
						<onclick condition="System.hasAddon(plugin.video.youtube)">ActivateWindow(videos,"plugin://plugin.video.youtube/kodion/search/list/",return)</onclick>
						<onclick condition="!System.hasAddon(plugin.video.youtube)">InstallAddon(plugin.video.youtube)</onclick>
					</item>
					<item>
						<label>$LOCALIZE[31113]</label>
						<onclick>Dialog.Close(all)</onclick>
						<onclick condition="System.hasAddon(script.globalsearch)">RunScript(script.globalsearch)</onclick>
						<onclick condition="!System.hasAddon(script.globalsearch)">InstallAddon(script.globalsearch)</onclick>
					</item>
					<item>
						<label>$LOCALIZE[31145]</label>
						<onclick>Dialog.Close(all)</onclick>
						<onclick>ActivateWindow(addonbrowser,addons://search/,return)</onclick>
					</item>
				</content>
			</control>
		</control>
	</controls>
</window>
