﻿<?xml version="1.0" encoding="UTF-8" standalone="yes"?>
<addon id="repository.slipsystem" name="Slipsystem Add-ons" version="1.0.0" provider-name="slipsystem">
    <extension point="xbmc.addon.repository" name="Zach Morris Add-ons">
        <info compressed="true">https://github.com/slipsystem/repository.slipsystem/raw/master/addons.xml</info>
        <checksum>https://github.com/slipsystem/repository.slipsystem/raw/master/addons.xml.md5</checksum>
        <datadir zip="true">https://raw.githubusercontent.com/slipsystem/repository.slipsystem/master/</datadir>
    </extension>
    <extension point="xbmc.addon.metadata">
        <summary>Slipsystem Add-ons</summary>
        <platform>all</platform>
    </extension>
</addon>